Abelia_x_grandiflora, 0, 0, 0, 0, 0, 0, 1, 1, 1, 1, 0, 0
Abienus_festuschristus, 0, 0, 0, 0, 0, 0, 0, 0, 0, 0, 0, 0
Abies_alba,0, 0, 0, 0, 1, 1, 0, 0, 0, 0, 0, 0
Abies_balsamea,0, 0, 0, 0, 1, 1, 0, 0, 0, 0, 0, 0
Abies_cephalonica,0, 0, 0, 0, 1, 0, 0, 0, 0, 0, 0, 0
Abies_concolor,0, 0, 0, 0, 1, 0, 0, 0, 0, 0, 0, 0
Abies_equi-trojani,0, 0, 0, 0, 0, 0, 0, 0, 0, 0, 0, 0
Abies_grandis,0, 0, 0, 1, 1, 0, 0, 0, 0, 0, 0, 0
Abies_holophylla,0, 0, 0, 0, 0, 0, 0, 0, 0, 0, 0, 0
Abies_homolepis,0, 0, 0, 0, 1, 0, 0, 0, 0, 0, 0, 0
Abies_koreana,0, 0, 0, 0, 1, 0, 0, 0, 0, 0, 0, 0
Abies_lasiocarpa,0, 0, 0, 0, 1, 0, 0, 0, 0, 0, 0, 0
Abies_nordmanniana,0, 0, 0, 0, 1, 0, 0, 0, 0, 0, 0, 0
Abies_pinsapo,0, 0, 0, 1, 1, 0, 0, 0, 0, 0, 0, 0
Abies_procera,0, 0, 0, 0, 1, 1, 0, 0, 0, 0, 0, 0
Abies_procera_Glauca,0, 0, 0, 0, 1, 1, 0, 0, 0, 0, 0, 0
Abies_veitchii,0, 0, 0, 0, 1, 1, 0, 0, 0, 0, 0, 0
Acacia_dealbata,0, 1, 1, 0, 0, 0, 0, 0, 0, 0, 0, 0
Acacia_karroo,0, 0, 0, 0, 0, 0, 0, 0, 0, 0, 0, 0
Acacia_retinodes,1, 1, 1, 1, 1, 1, 1, 1, 1, 1, 1, 1
Acer_buergerianum,0, 0, 0, 0, 1, 0, 0, 0, 0, 0, 0, 0
Acer_campestre,0, 0, 0, 0, 1, 0, 0, 0, 0, 0, 0, 0
Acer_cappadocicum,0, 0, 0, 0, 1, 1, 0, 0, 0, 0, 0, 0
Acer_carpinifolium,0, 0, 0, 1, 1, 0, 0, 0, 0, 0, 0, 0
Acer_caudatum_subsp_caudatum,0, 0, 0, 0, 0, 0, 0, 0, 0, 0, 0, 0
Acer_circinatum,0, 0, 0, 0, 1, 0, 0, 0, 0, 0, 0, 0
Acer_cissifolium,0, 0, 0, 1, 1, 0, 0, 0, 0, 0, 0, 0
Acer_coriaceifolium,0, 0, 0, 0, 0, 0, 0, 0, 0, 0, 0, 0
Acer_davidii,0, 0, 0, 0, 0, 0, 0, 0, 0, 0, 0, 0
Acer_davidii_subsp_grosserii,0, 0, 0, 1, 1, 0, 0, 0, 0, 0, 0, 0
Acer_griseum,0, 0, 0, 0, 1, 0, 0, 0, 0, 0, 0, 0
Acer_japonicum_Aconitifolium,0, 0, 0, 1, 1, 0, 0, 0, 0, 0, 0, 0
Acer_macrophyllum,0, 0, 0, 1, 1, 0, 0, 0, 0, 0, 0, 0
Acer_mandshuricum,0, 0, 0, 1, 0, 0, 0, 0, 0, 0, 0, 0
Acer_monspessulanum,0, 0, 0, 1, 1, 0, 0, 0, 0, 0, 0, 0
Acer_negundo,0, 0, 1, 1, 0, 0, 0, 0, 0, 0, 0, 0
Acer_opalus,0, 0, 1, 1, 0, 0, 0, 0, 0, 0, 0, 0
Acer_opalus_ssp_obtusatum,0, 0, 1, 1, 0, 0, 0, 0, 0, 0, 0, 0
Acer_palmatum,0, 0, 0, 0, 1, 1, 0, 0, 0, 0, 0, 0
Acer_palmatum_Dissectum_Viridis,0, 0, 0, 0, 1, 1, 0, 0, 0, 0, 0, 0
Acer_pensylvanicum,0, 0, 0, 0, 1, 0, 0, 0, 0, 0, 0, 0
Acer_platanoides,0, 0, 0, 1, 1, 0, 0, 0, 0, 0, 0, 0
Acer_platanoides_Crimson_King,0, 0, 0, 1, 1, 0, 0, 0, 0, 0, 0, 0
Acer_platanoides_f_drummondii,0, 0, 0, 1, 1, 0, 0, 0, 0, 0, 0, 0
Acer_pseudoplatanus,0, 0, 0, 1, 1, 0, 0, 0, 0, 0, 0, 0
Acer_pseudoplatanus_Leopoldii,0, 0, 0, 0, 0, 0, 0, 0, 0, 0, 0, 0
Acer_pseudoplatanus_f_atropurpureum,0, 0, 0, 0, 1, 0, 0, 0, 0, 0, 0, 0
Acer_rubrum,0, 0, 1, 1, 0, 0, 0, 0, 0, 0, 0, 0
Acer_rufinerve,0, 0, 0, 0, 1, 0, 0, 0, 0, 0, 0, 0
Acer_saccharinum,0, 1, 1, 0, 0, 0, 0, 0, 0, 0, 0, 0
Acer_saccharum,0, 0, 0, 1, 0, 0, 0, 0, 0, 0, 0, 0
Acer_sempervirens,0, 0, 0, 1, 1, 0, 0, 0, 0, 0, 0, 0
Acer_tataricum,0, 0, 0, 0, 1, 0, 0, 0, 0, 0, 0, 0
Acer_tataricum_subsp_ginnala,0, 0, 0, 0, 1, 0, 0, 0, 0, 0, 0, 0
Acer_tegmentosum,0, 0, 0, 1, 1, 0, 0, 0, 0, 0, 0, 0
Acer_triflorum,0, 0, 0, 1, 1, 0, 0, 0, 0, 0, 0, 0
Acer_x_zoeschense,0, 0, 0, 1, 1, 0, 0, 0, 0, 0, 0, 0
Actinidia_deliciosa,0, 0, 0, 1, 1, 0, 0, 0, 0, 0, 0, 0
Actinidia_kolomikta,0, 0, 0, 0, 1, 0, 0, 0, 0, 0, 0, 0
Adonidia_merrillii,0, 0, 0, 0, 0, 0, 0, 0, 0, 0, 0, 0
Aesculus_flava,0, 0, 0, 0, 1, 0, 0, 0, 0, 0, 0, 0
Aesculus_glabra,0, 0, 0, 0, 1, 0, 0, 0, 0, 0, 0, 0
Aesculus_hippocastanum,0, 0, 0, 1, 1, 0, 0, 0, 0, 0, 0, 0
Aesculus_indica,0, 0, 0, 0, 0, 1, 0, 0, 0, 0, 0, 0
Aesculus_parviflora,0, 0, 0, 0, 0, 0, 1, 1, 0, 0, 0, 0
Aesculus_pavia,0, 0, 0, 0, 0, 1, 0, 0, 0, 0, 0, 0
Aesculus_turbinata,0, 0, 0, 0, 0, 1, 0, 0, 0, 0, 0, 0
Aesculus_x_carnea,0, 0, 0, 1, 1, 0, 0, 0, 0, 0, 0, 0
Aesculus_x_mutabilis_Penduliflora,0, 0, 0, 0, 1, 1, 0, 0, 0, 0, 0, 0
Aesculus_x_neglecta_Erythroblastos,0, 0, 0, 0, 1, 1, 0, 0, 0, 0, 0, 0
Afzelia_africana,0, 0, 0, 0, 0, 0, 0, 0, 0, 0, 0, 0
Ailanthus_altissima,0, 0, 0, 0, 0, 1, 1, 1, 0, 0, 0, 0
Akebia_quinata,0, 0, 0, 1, 1, 0, 0, 0, 0, 0, 0, 0
Alangium_platanifolium,0, 0, 0, 0, 0, 1, 1, 0, 0, 0, 0, 0
Albizia_julibrissin,0, 0, 0, 0, 0, 0, 1, 1, 0, 0, 0, 0
Allocasuarina_luehmannii,0, 0, 0, 0, 0, 1, 1, 1, 0, 0, 0, 0
Alnus_cordata,0, 0, 1, 1, 0, 0, 0, 0, 0, 0, 0, 0
Alnus_glutinosa,0, 0, 1, 1, 0, 0, 0, 0, 0, 0, 0, 0
Alnus_incana,0, 0, 1, 1, 0, 0, 0, 0, 0, 0, 0, 0
Alnus_sinuata,0, 0, 1, 1, 0, 0, 0, 0, 0, 0, 0, 0
Alnus_viridis,0, 0, 0, 1, 1, 0, 0, 0, 0, 0, 0, 0
Amelanchier_asiatica,0, 0, 0, 0, 1, 0, 0, 0, 0, 0, 0, 0
Amelanchier_laevis,0, 0, 0, 1, 0, 0, 0, 0, 0, 0, 0, 0
Amelanchier_lamarckii,0, 0, 1, 1, 1, 0, 0, 0, 0, 0, 0, 0
Amelanchier_ovalis,0, 0, 0, 1, 1, 1, 0, 0, 0, 0, 0, 0
Amelanchier_spicata,0, 0, 0, 1, 1, 0, 0, 0, 0, 0, 0, 0
Amorpha_fructicosa,0, 0, 0, 0, 0, 1, 1, 1, 0, 0, 0, 0
Anacardium_occidentale,0, 0, 0, 0, 0, 0, 0, 0, 0, 0, 0, 0
Anagyris_foetida,0, 0, 0, 1, 1, 0, 0, 0, 0, 0, 0, 0
Andromeda_polifolia,0, 0, 0, 0, 1, 1, 1, 0, 0, 0, 0, 0
Aralia_elata,0, 0, 0, 0, 0, 0, 1, 1, 0, 0, 0, 0
Araucaria_araucana,0, 0, 0, 0, 0, 1, 1, 0, 0, 0, 0, 0
Araucaria_bidwillii,0, 0, 0, 0, 0, 0, 1, 1, 1, 0, 0, 0
Araucaria_columnaris,0, 0, 0, 0, 0, 0, 0, 0, 0, 0, 0, 0
Araucaria_cunninghamii,0, 0, 0, 0, 0, 0, 0, 0, 0, 0, 0, 0
Araucaria_heterophylla,0, 0, 0, 0, 0, 0, 0, 0, 0, 0, 0, 0
Arbutus_menziesii,0, 0, 0, 0, 1, 0, 0, 0, 0, 0, 0, 0
Arbutus_unedo,1, 1, 1, 0, 0, 0, 0, 0, 0, 1, 1, 1
Argania_spinosa,0, 0, 0, 0, 0, 0, 0, 0, 0, 0, 0, 0
Argyrocytisus_battandieri,0, 0, 0, 0, 0, 1, 0, 0, 0, 0, 0, 0
Aronia_arbutifolia,0, 0, 0, 0, 1, 1, 0, 0, 0, 0, 0, 0
Aronia_melanocarpa,0, 0, 0, 0, 1, 0, 0, 0, 0, 0, 0, 0
Aronia_x_prunifolia,0, 0, 0, 0, 1, 0, 0, 0, 0, 0, 0, 0
Asimina_triloba,0, 0, 0, 1, 1, 0, 0, 0, 0, 0, 0, 0
Asparagus_acutifolius,0, 0, 0, 0, 0, 0, 1, 1, 1, 1, 0, 0
Aucuba_japonica,0, 0, 0, 1, 1, 0, 0, 0, 0, 0, 0, 0
Averrhoa_carambola,0, 0, 0, 0, 0, 0, 0, 0, 0, 0, 0, 0
Bauhinia_kockiana,1, 1, 1, 1, 1, 1, 1, 1, 1, 1, 1, 1
Bauhinia_x_blakeana,1, 1, 1, 1, 1, 0, 0, 0, 0, 0, 1, 1
Berberis_julianae,0, 0, 0, 0, 1, 1, 0, 0, 0, 0, 0, 0
Berberis_koreana,0, 0, 0, 0, 1, 0, 0, 0, 0, 0, 0, 0
Berberis_thunbergii,0, 0, 0, 1, 1, 0, 0, 0, 0, 0, 0, 0
Berberis_vulgaris,0, 0, 0, 0, 1, 0, 0, 0, 0, 0, 0, 0
Betula_alleghaniensis,0, 0, 0, 0, 0, 0, 0, 0, 0, 0, 0, 0
Betula_alnoides_subsp_alnoides,0, 0, 0, 0, 0, 0, 0, 0, 0, 0, 0, 0
Betula_alnoides_subsp_luminifera,0, 0, 0, 0, 0, 0, 0, 0, 0, 0, 0, 0
Betula_costata,0, 0, 0, 0, 0, 0, 0, 0, 0, 0, 0, 0
Betula_davurica,0, 0, 0, 1, 0, 0, 0, 0, 0, 0, 0, 0
Betula_ermanii,0, 0, 0, 1, 0, 0, 0, 0, 0, 0, 0, 0
Betula_insignis,0, 0, 0, 0, 0, 0, 0, 0, 0, 0, 0, 0
Betula_lenta,0, 0, 0, 0, 0, 0, 0, 0, 0, 0, 0, 0
Betula_lenta_f_uber,0, 0, 0, 0, 0, 0, 0, 0, 0, 0, 0, 0
Betula_maximowicziana,0, 0, 0, 0, 0, 0, 0, 0, 0, 0, 0, 0
Betula_nigra,0, 0, 0, 1, 1, 0, 0, 0, 0, 0, 0, 0
Betula_papyrifera,0, 0, 0, 0, 0, 0, 0, 0, 0, 0, 0, 0
Betula_pendula,0, 0, 0, 1, 1, 0, 0, 0, 0, 0, 0, 0
Betula_pendula_f_dalecarlica,0, 0, 1, 1, 1, 0, 0, 0, 0, 0, 0, 0
Betula_populifolia,0, 0, 0, 0, 0, 0, 0, 0, 0, 0, 0, 0
Betula_pubescens,0, 0, 0, 1, 1, 0, 0, 0, 0, 0, 0, 0
Betula_utilis_var_jacquemontii_Doorenbos,0, 0, 0, 1, 1, 0, 0, 0, 0, 0, 0, 0
Bougainvillea_glabra,0, 0, 0, 1, 1, 1, 0, 0, 0, 0, 0, 0
Brachychiton_acerifolius,0, 0, 0, 0, 0, 0, 1, 1, 0, 0, 0, 0
Brachychiton_discolor,0, 0, 0, 0, 0, 0, 1, 1, 0, 0, 0, 0
Brachychiton_populneus,1, 1, 1, 0, 0, 0, 0, 0, 0, 1, 1, 1
Brachychiton_rupestris,0, 0, 0, 0, 0, 0, 0, 0, 0, 0, 0, 0
Broussonetia_papyrifera,0, 0, 0, 1, 1, 0, 0, 0, 0, 0, 0, 0
Buddleja_davidii,0, 0, 0, 0, 0, 0, 1, 1, 1, 0, 0, 0
Buddleja_globosa,0, 0, 0, 0, 0, 0, 0, 0, 0, 0, 0, 0
Buddleja_x_weyeriana,0, 0, 0, 0, 0, 0, 1, 1, 0, 0, 0, 0
Butyrospermum_parkii,0, 0, 0, 0, 0, 0, 0, 0, 0, 0, 0, 0
Buxus_sempervirens,0, 0, 1, 1, 0, 0, 0, 0, 0, 0, 0, 0
Caesalpinia_gilliesii,0, 0, 0, 0, 0, 0, 1, 0, 0, 0, 0, 0
Calicotome_spinosa,0, 0, 0, 1, 1, 0, 0, 0, 0, 0, 0, 0
Callicarpa_dichotoma,0, 0, 0, 0, 0, 0, 0, 1, 0, 0, 0, 0
Callistemon_citrinus,0, 0, 0, 1, 1, 1, 1, 0, 0, 0, 0, 0
Calocedrus_decurrens,0, 0, 1, 1, 0, 0, 0, 0, 0, 0, 0, 0
Calocedrus_decurrens_Aureovariegata,0, 0, 1, 1, 0, 0, 0, 0, 0, 0, 0, 0
Calycanthus_fertilis,0, 0, 0, 0, 1, 1, 1, 0, 0, 0, 0, 0
Calycanthus_floridus,0, 0, 0, 0, 0, 1, 1, 0, 0, 0, 0, 0
Camellia_japonica,0, 0, 1, 1, 1, 0, 0, 0, 0, 0, 0, 0
Campsis_radicans,0, 0, 0, 0, 0, 0, 1, 1, 0, 0, 0, 0
Campsis_x_tagliabuana,0, 0, 0, 0, 0, 0, 1, 1, 1, 0, 0, 0
Capparis_spinosa,0, 0, 0, 1, 1, 1, 1, 1, 0, 0, 0, 0
Caragana_arborescens,0, 0, 0, 0, 1, 1, 0, 0, 0, 0, 0, 0
Carpenteria_californica,0, 0, 0, 0, 0, 1, 1, 0, 0, 0, 0, 0
Carpinus_betulus,0, 0, 0, 0, 1, 1, 0, 0, 0, 0, 0, 0
Carpinus_betulus_Quercifolia,0, 0, 0, 0, 1, 1, 0, 0, 0, 0, 0, 0
Carpinus_caroliniana,0, 0, 0, 0, 0, 0, 0, 0, 0, 0, 0, 0
Carpinus_japonica,0, 0, 0, 0, 0, 0, 0, 0, 0, 0, 0, 0
Carya_cordiformis,0, 0, 0, 0, 0, 0, 0, 0, 0, 0, 0, 0
Carya_illinoinensis,0, 0, 0, 0, 1, 1, 0, 0, 0, 0, 0, 0
Carya_laciniosa,0, 0, 0, 0, 0, 0, 0, 0, 0, 0, 0, 0
Carya_ovata,0, 0, 0, 0, 0, 1, 0, 0, 0, 0, 0, 0
Carya_tomentosa,0, 0, 0, 0, 0, 0, 0, 0, 0, 0, 0, 0
Cascabela_thevetia,0, 0, 0, 0, 0, 0, 1, 1, 1, 1, 0, 0
Cassia_siberiana,0, 0, 0, 0, 0, 0, 0, 0, 0, 0, 0, 0
Castanea_crenata,0, 0, 0, 0, 0, 1, 1, 0, 0, 0, 0, 0
Castanea_sativa,0, 0, 0, 0, 0, 1, 1, 0, 0, 0, 0, 0
Casuarina_cunninghamiana,0, 0, 0, 0, 0, 0, 0, 0, 0, 0, 0, 0
Casuarina_stricta,0, 0, 0, 0, 0, 0, 0, 0, 0, 0, 0, 0
Catalpa_bignonioides,0, 0, 0, 0, 0, 1, 1, 0, 0, 0, 0, 0
Catalpa_ovata,0, 0, 0, 0, 0, 0, 1, 1, 0, 0, 0, 0
Catalpa_speciosa,0, 0, 0, 0, 0, 1, 0, 0, 0, 0, 0, 0
Catalpa_x_erubescens,0, 0, 0, 0, 0, 0, 0, 1, 0, 0, 0, 0
Ceanothus_x_delilianus,0, 0, 0, 0, 0, 0, 1, 1, 1, 1, 0, 0
Cedrus_atlantica,0, 0, 0, 0, 0, 0, 0, 0, 1, 1, 0, 0
Cedrus_atlantica_Glauca,0, 0, 0, 0, 0, 0, 0, 0, 1, 1, 0, 0
Cedrus_brevifolia,0, 0, 0, 0, 0, 0, 0, 0, 0, 0, 0, 0
Cedrus_deodara,0, 0, 0, 0, 0, 0, 0, 0, 1, 1, 0, 0
Cedrus_deodara_Paktia,0, 0, 0, 0, 0, 0, 0, 0, 1, 1, 0, 0
Cedrus_libani,0, 0, 0, 0, 0, 0, 0, 0, 1, 1, 0, 0
Ceiba_speciosa,0, 0, 0, 0, 0, 0, 0, 1, 1, 1, 0, 0
Celtis_australis,0, 0, 0, 0, 1, 0, 0, 0, 0, 0, 0, 0
Celtis_occidentalis,0, 0, 0, 1, 1, 0, 0, 0, 0, 0, 0, 0
Cephalanthus_occidentalis,0, 0, 0, 0, 0, 0, 1, 1, 1, 0, 0, 0
Cephalotaxus_harringtonia,0, 0, 0, 0, 0, 0, 0, 0, 0, 0, 0, 0
Cephalotaxus_sinensis,0, 0, 0, 0, 0, 0, 0, 0, 0, 0, 0, 0
Ceratonia_siliqua,0, 0, 0, 0, 0, 0, 0, 1, 1, 1, 0, 0
Cercidiphyllum_japonicum,0, 0, 1, 1, 0, 0, 0, 0, 0, 0, 0, 0
Cercis_canadensis,0, 0, 0, 1, 1, 0, 0, 0, 0, 0, 0, 0
Cercis_chinensis,0, 0, 0, 0, 1, 0, 0, 0, 0, 0, 0, 0
Cercis_siliquastrum,0, 0, 1, 1, 1, 0, 0, 0, 0, 0, 0, 0
Chaenomeles_japonica,0, 0, 0, 0, 1, 1, 0, 0, 0, 0, 0, 0
Chaenomeles_speciosa,0, 0, 1, 1, 0, 0, 0, 0, 0, 0, 0, 0
Chamaecyparis_lawsoniana,0, 0, 0, 1, 0, 0, 0, 0, 0, 0, 0, 0
Chamaecyparis_pisifera,0, 0, 0, 1, 1, 0, 0, 0, 0, 0, 0, 0
Chamaerops_humilis,0, 0, 0, 0, 0, 0, 0, 0, 0, 0, 0, 0
Chimonanthus_praecox,0, 1, 1, 0, 0, 0, 0, 0, 0, 0, 0, 0
Chionanthus_retusus,0, 0, 0, 0, 0, 1, 1, 0, 0, 0, 0, 0
Chionanthus_virginicus,0, 0, 0, 0, 1, 1, 0, 0, 0, 0, 0, 0
Chitalpa_tashkentensis,0, 0, 0, 0, 0, 0, 0, 1, 1, 0, 0, 0
Choisya_ternata,0, 0, 0, 0, 1, 1, 0, 0, 0, 0, 0, 0
Cinnamomum_camphora,0, 0, 0, 0, 0, 1, 0, 0, 0, 0, 0, 0
Cistus_albidus,0, 0, 0, 1, 1, 1, 0, 0, 0, 0, 0, 0
Cistus_crispus,0, 0, 0, 1, 1, 1, 0, 0, 0, 0, 0, 0
Cistus_incanus,0, 0, 0, 1, 1, 1, 0, 0, 0, 0, 0, 0
Cistus_incanus_ssp_creticus,0, 0, 0, 1, 1, 1, 0, 0, 0, 0, 0, 0
Cistus_ladanifer,0, 0, 0, 1, 1, 1, 0, 0, 0, 0, 0, 0
Cistus_laurifolius,0, 0, 0, 0, 0, 1, 1, 1, 0, 0, 0, 0
Cistus_monspeliensis,0, 0, 0, 1, 1, 0, 0, 0, 0, 0, 0, 0
Cistus_populifolius,0, 0, 0, 0, 0, 0, 0, 0, 0, 0, 0, 0
Cistus_salviifolius,0, 0, 0, 1, 1, 1, 0, 0, 0, 0, 0, 0
Cistus_symphytifolius,0, 1, 1, 1, 0, 0, 0, 0, 0, 0, 0, 0
Citrus_x_aurantium,0, 1, 1, 1, 1, 1, 0, 0, 0, 0, 0, 0
Citrus_x_limon,1, 1, 1, 1, 1, 1, 1, 1, 1, 1, 1, 1
Cladrastis_kentukea,0, 0, 0, 0, 1, 1, 0, 0, 0, 0, 0, 0
Clematis_flammula,0, 0, 0, 0, 0, 0, 1, 1, 1, 1, 0, 0
Clematis_montana,0, 0, 0, 0, 1, 1, 0, 0, 0, 0, 0, 0
Clematis_vitalba,0, 0, 0, 0, 0, 1, 1, 1, 1, 0, 0, 0
Clematis_viticella,0, 0, 0, 0, 0, 1, 1, 1, 1, 0, 0, 0
Clerodendrum_trichotomum,0, 0, 0, 0, 0, 0, 0, 1, 1, 0, 0, 0
Clethra_alnifolia,0, 0, 0, 0, 0, 0, 1, 1, 1, 0, 0, 0
Coccoloba_uvifera,0, 0, 0, 0, 0, 0, 0, 0, 0, 0, 0, 0
Cocos_nucifera,0, 0, 0, 0, 0, 0, 0, 0, 0, 0, 0, 0
Colutea_arborescens,0, 0, 0, 0, 1, 1, 1, 1, 0, 0, 0, 0
Cornus_alba,0, 0, 0, 0, 1, 1, 0, 0, 0, 0, 0, 0
Cornus_controversa,0, 0, 0, 0, 0, 1, 1, 0, 0, 0, 0, 0
Cornus_florida,0, 0, 0, 0, 1, 1, 0, 0, 0, 0, 0, 0
Cornus_kousa,0, 0, 0, 0, 1, 1, 0, 0, 0, 0, 0, 0
Cornus_mas,0, 0, 1, 1, 0, 0, 0, 0, 0, 0, 0, 0
Cornus_nuttallii,0, 0, 0, 0, 1, 0, 0, 0, 0, 0, 0, 0
Cornus_officinalis,0, 0, 1, 1, 0, 0, 0, 0, 0, 0, 0, 0
Cornus_racemosa,0, 0, 0, 0, 0, 1, 1, 0, 0, 0, 0, 0
Cornus_sanguinea,0, 0, 0, 0, 1, 1, 0, 0, 0, 0, 0, 0
Cornus_sericea,0, 0, 0, 0, 1, 1, 0, 0, 0, 0, 0, 0
Corylopsis_pauciflora,0, 0, 1, 1, 0, 0, 0, 0, 0, 0, 0, 0
Corylopsis_spicata,0, 1, 1, 1, 0, 0, 0, 0, 0, 0, 0, 0
Corylopsis_veitchiana,0, 0, 0, 1, 0, 0, 0, 0, 0, 0, 0, 0
Corylus_avellana,0, 1, 1, 1, 0, 0, 0, 0, 0, 0, 0, 0
Corylus_avellana_Contorta,0, 1, 1, 1, 0, 0, 0, 0, 0, 0, 0, 0
Corylus_colurna,0, 0, 1, 1, 0, 0, 0, 0, 0, 0, 0, 0
Corylus_maxima,0, 1, 1, 1, 0, 0, 0, 0, 0, 0, 0, 0
Corymbia_dallachiana,0, 0, 0, 0, 0, 0, 0, 0, 0, 0, 0, 0
Cotinus_coggygria,0, 0, 0, 0, 0, 1, 1, 0, 0, 0, 0, 0
Cotoneaster_dielsianus,0, 0, 0, 0, 0, 1, 0, 0, 0, 0, 0, 0
Cotoneaster_floccosus,0, 0, 0, 0, 0, 1, 0, 0, 0, 0, 0, 0
Cotoneaster_frigidus,0, 0, 0, 0, 0, 1, 0, 0, 0, 0, 0, 0
Cotoneaster_horizontalis,0, 0, 0, 0, 1, 1, 0, 0, 0, 0, 0, 0
Cotoneaster_integerrimus,0, 0, 0, 1, 1, 0, 0, 0, 0, 0, 0, 0
Cotoneaster_multiflorus,0, 0, 0, 0, 1, 0, 0, 0, 0, 0, 0, 0
Crataegus_laevigata,0, 0, 0, 0, 1, 1, 0, 0, 0, 0, 0, 0
Crataegus_laevigata_Pauls_Scarlet,0, 0, 0, 0, 1, 1, 0, 0, 0, 0, 0, 0
Crataegus_monogyna,0, 0, 0, 0, 1, 1, 0, 0, 0, 0, 0, 0
Crataegus_nigra,0, 0, 0, 0, 1, 0, 0, 0, 0, 0, 0, 0
Crataegus_pedicellata,0, 0, 0, 0, 1, 0, 0, 0, 0, 0, 0, 0
Crataegus_pinnatifida,0, 0, 0, 0, 1, 0, 0, 0, 0, 0, 0, 0
Crataegus_succulenta_var_macrantha,0, 0, 0, 0, 1, 1, 0, 0, 0, 0, 0, 0
Crataegus_x_lavallei_Carrierei,0, 0, 0, 0, 1, 1, 0, 0, 0, 0, 0, 0
Crataemespilus_grandiflora,0, 0, 0, 0, 1, 1, 0, 0, 0, 0, 0, 0
Cryptomeria_japonica,0, 1, 1, 0, 0, 0, 0, 0, 0, 0, 0, 0
Cryptomeria_japonica_f_cristata,0, 0, 0, 0, 0, 0, 0, 0, 0, 0, 0, 0
Cunninghamia_lanceolata,0, 0, 0, 0, 1, 1, 0, 0, 0, 0, 0, 0
Cupressus_arizonica,0, 0, 0, 0, 0, 0, 0, 0, 0, 0, 0, 0
Cupressus_glabra,1, 1, 0, 0, 0, 0, 0, 0, 0, 0, 0, 0
Cupressus_sempervirens,0, 0, 0, 1, 0, 0, 0, 0, 0, 0, 0, 0
Cycas_revoluta,0, 0, 0, 0, 0, 0, 0, 0, 0, 0, 0, 0
Cydonia_oblonga,0, 0, 0, 0, 1, 1, 0, 0, 0, 0, 0, 0
Cytisus_scoparius,0, 0, 0, 0, 1, 1, 0, 0, 0, 0, 0, 0
Danae_racemosa,0, 0, 0, 0, 0, 1, 1, 0, 0, 0, 0, 0
Daphne_gnidium,0, 0, 0, 0, 0, 1, 1, 1, 1, 1, 0, 0
Daphne_mezereum,0, 1, 1, 1, 0, 0, 0, 0, 0, 0, 0, 0
Dasiphora_fruticosa,0, 0, 0, 0, 1, 1, 1, 1, 1, 0, 0, 0
Davidia_involucrata,0, 0, 0, 0, 1, 0, 0, 0, 0, 0, 0, 0
Decaisnea_fargesii,0, 0, 0, 0, 1, 1, 0, 0, 0, 0, 0, 0
Delonix_regia,0, 0, 0, 0, 0, 0, 0, 0, 0, 0, 0, 0
Deutzia_longifolia,0, 0, 0, 0, 1, 1, 0, 0, 0, 0, 0, 0
Deutzia_scabra,0, 0, 0, 0, 0, 1, 1, 0, 0, 0, 0, 0
Deutzia_x_hybrida,0, 0, 0, 0, 1, 1, 0, 0, 0, 0, 0, 0
Diospyros_kaki,0, 0, 0, 0, 0, 1, 0, 0, 0, 0, 0, 0
Diospyros_lotus,0, 0, 0, 0, 0, 1, 0, 0, 0, 0, 0, 0
Dipelta_floribunda,0, 0, 0, 0, 1, 1, 0, 0, 0, 0, 0, 0
Distylium_racemosum,0, 0, 0, 1, 1, 1, 0, 0, 0, 0, 0, 0
Dracaena_draco,0, 0, 0, 0, 0, 0, 0, 0, 0, 0, 0, 0
Edgeworthia_chrysantha,0, 1, 1, 0, 0, 0, 0, 0, 0, 0, 0, 0
Ehretia_dicksonii,0, 0, 0, 0, 0, 1, 1, 0, 0, 0, 0, 0
Elaeagnus_angustifolia,0, 0, 0, 0, 1, 1, 0, 0, 0, 0, 0, 0
Elaeagnus_pungens,0, 0, 0, 0, 0, 0, 0, 0, 1, 1, 0, 0
Elaeagnus_umbellata,0, 0, 0, 1, 1, 0, 0, 0, 0, 0, 0, 0
Elaeagnus_x_ebbingei,0, 0, 0, 0, 0, 0, 0, 0, 1, 1, 1, 1
Eleutherococcus_sieboldianus,0, 0, 0, 0, 0, 1, 1, 0, 0, 0, 0, 0
Erica_arborea,0, 0, 1, 1, 1, 0, 0, 0, 0, 0, 0, 0
Eriobotrya_japonica,0, 0, 0, 0, 0, 0, 0, 0, 0, 0, 0, 0
Eucalyptus_globulus,0, 0, 0, 0, 0, 0, 0, 0, 0, 0, 0, 0
Eucommia_ulmoides,0, 0, 0, 0, 0, 0, 0, 0, 0, 0, 0, 0
Euonymus_alatus,0, 0, 0, 0, 1, 1, 0, 0, 0, 0, 0, 0
Euonymus_europaeus,0, 0, 0, 0, 1, 1, 0, 0, 0, 0, 0, 0
Euonymus_fortunei,0, 0, 0, 0, 0, 1, 1, 0, 0, 0, 0, 0
Euonymus_macropterus,0, 0, 0, 0, 1, 0, 0, 0, 0, 0, 0, 0
Euonymus_planipes,0, 0, 0, 0, 1, 1, 0, 0, 0, 0, 0, 0
Exochorda_giraldii,0, 0, 0, 0, 1, 0, 0, 0, 0, 0, 0, 0
Fagus_grandifolia,0, 0, 0, 1, 1, 0, 0, 0, 0, 0, 0, 0
Fagus_orientalis,0, 0, 0, 1, 1, 0, 0, 0, 0, 0, 0, 0
Fagus_sylvatica,0, 0, 0, 1, 1, 0, 0, 0, 0, 0, 0, 0
Fagus_sylvatica_Asplenifolia,0, 0, 0, 1, 1, 0, 0, 0, 0, 0, 0, 0
Fagus_sylvatica_Felderbach,0, 0, 0, 1, 1, 0, 0, 0, 0, 0, 0, 0
Fagus_sylvatica_Pendula,0, 0, 0, 1, 1, 0, 0, 0, 0, 0, 0, 0
Fagus_sylvatica_Purpurea,0, 0, 0, 1, 1, 0, 0, 0, 0, 0, 0, 0
Fagus_sylvatica_Tortuosa,0, 0, 0, 1, 1, 0, 0, 0, 0, 0, 0, 0
Fagus_sylvatica_f_purpurea_tricolor,0, 0, 0, 1, 1, 0, 0, 0, 0, 0, 0, 0
Fatsia_japonica,0, 0, 0, 0, 0, 0, 0, 0, 0, 0, 0, 0
Ficus_benjamina,0, 0, 0, 0, 0, 0, 0, 0, 0, 0, 0, 0
Ficus_carica,1, 1, 0, 0, 1, 1, 0, 1, 1, 0, 0, 0
Ficus_lyrata,0, 0, 0, 0, 0, 0, 0, 0, 0, 0, 0, 0
Ficus_macrophylla,0, 0, 0, 0, 0, 0, 0, 0, 0, 0, 0, 0
Ficus_sycomorus,0, 0, 0, 0, 0, 0, 0, 0, 0, 0, 0, 0
Firmiana_simplex,0, 0, 0, 0, 1, 1, 1, 0, 0, 0, 0, 0
Forsythia_x_intermedia,0, 0, 0, 1, 1, 0, 0, 0, 0, 0, 0, 0
Fortunella,0, 0, 0, 0, 0, 0, 0, 0, 0, 0, 0, 0
Fothergilla_major,0, 0, 0, 0, 1, 0, 0, 0, 0, 0, 0, 0
Frangula_alnus,0, 0, 0, 0, 1, 1, 1, 1, 0, 0, 0, 0
Fraxinus_angustifolia,0, 0, 0, 1, 0, 0, 0, 0, 0, 0, 0, 0
Fraxinus_excelsior,0, 0, 0, 0, 1, 0, 0, 0, 0, 0, 0, 0
Fraxinus_excelsior_f_diversifolia,0, 0, 0, 1, 1, 0, 0, 0, 0, 0, 0, 0
Fraxinus_latifolia,0, 0, 0, 0, 1, 1, 0, 0, 0, 0, 0, 0
Fraxinus_ornus,0, 0, 0, 1, 1, 1, 0, 0, 0, 0, 0, 0
Fraxinus_paxiana,0, 0, 0, 0, 1, 1, 1, 0, 0, 0, 0, 0
Ginkgo_biloba_L,0, 0, 0, 1, 1, 0, 0, 0, 0, 0, 0, 0
Gleditsia_triacanthos,0, 0, 0, 0, 1, 1, 1, 0, 0, 0, 0, 0
Grevillea_robusta,0, 1, 1, 1, 0, 0, 0, 0, 0, 0, 0, 0
Gymnocladus_dioicus,0, 0, 0, 0, 0, 1, 0, 0, 0, 0, 0, 0
Halesia_carolina,0, 0, 0, 1, 1, 0, 0, 0, 0, 0, 0, 0
Halesia_monticola,0, 0, 0, 1, 1, 0, 0, 0, 0, 0, 0, 0
Halimodendron_halodendron,0, 0, 0, 0, 0, 1, 1, 0, 0, 0, 0, 0
Hamamelis_virginiana,0, 0, 0, 0, 0, 0, 0, 0, 1, 1, 0, 0
Hamamelis_x_intermedia,1, 1, 1, 0, 0, 0, 0, 0, 0, 0, 0, 1
Hedera_helix,0, 0, 0, 0, 0, 0, 0, 0, 1, 1, 0, 0
Heptacodium_miconioides,0, 0, 0, 0, 0, 0, 0, 1, 1, 1, 0, 0
Hibiscus_rosa-sinensis,0, 0, 0, 0, 0, 0, 0, 0, 0, 0, 0, 0
Hibiscus_syriacus,0, 0, 0, 0, 0, 0, 1, 1, 1, 0, 0, 0
Hippophae_rhamnoides,0, 0, 1, 1, 0, 0, 0, 0, 0, 0, 0, 0
Holodiscus_discolor,0, 0, 0, 0, 0, 0, 1, 1, 0, 0, 0, 0
Humulus_lupulus,0, 0, 0, 0, 0, 0, 1, 1, 0, 0, 0, 0
Hura_crepitans,0, 0, 0, 0, 0, 0, 0, 0, 0, 0, 0, 0
Hydrangea_arborescens,0, 0, 0, 0, 0, 1, 1, 1, 0, 0, 0, 0
Hydrangea_aspera_ssp_aspera,0, 0, 0, 0, 0, 0, 1, 1, 1, 0, 0, 0
Hydrangea_aspera_ssp_sargentiana,0, 0, 0, 0, 0, 0, 1, 1, 0, 0, 0, 0
Hydrangea_macrophylla,0, 0, 0, 0, 0, 1, 1, 1, 0, 0, 0, 0
Hydrangea_paniculata,0, 0, 0, 0, 0, 0, 0, 1, 1, 0, 0, 0
Hydrangea_petiolaris,0, 0, 0, 0, 0, 1, 1, 0, 0, 0, 0, 0
Hydrangea_quercifolia,0, 0, 0, 0, 0, 0, 1, 1, 1, 0, 0, 0
Hypericum_androsaemum,0, 0, 0, 0, 0, 1, 1, 1, 1, 0, 0, 0
Hypericum_balearicum,0, 0, 0, 0, 1, 1, 1, 1, 1, 0, 0, 0
Ilex_aquifolium,0, 0, 0, 0, 1, 1, 0, 0, 0, 0, 0, 0
Ilex_crenata,0, 0, 0, 0, 1, 1, 0, 0, 0, 0, 0, 0
Ilex_pernyi,0, 0, 0, 0, 1, 0, 0, 0, 0, 0, 0, 0
Jacaranda_mimosifolia,0, 0, 0, 0, 0, 0, 0, 0, 0, 0, 0, 0
Jasminum_nudiflorum,1, 1, 1, 1, 0, 0, 0, 0, 0, 0, 0, 0
Juglans_cinerea,0, 0, 0, 0, 0, 1, 0, 0, 0, 0, 0, 0
Juglans_nigra,0, 0, 0, 0, 0, 1, 0, 0, 0, 0, 0, 0
Juglans_regia,0, 0, 0, 1, 1, 0, 0, 0, 0, 0, 0, 0
Juniperus_communis,0, 0, 0, 1, 1, 1, 0, 0, 0, 0, 0, 0
Juniperus_oxycedrus,0, 0, 0, 0, 0, 0, 0, 0, 0, 0, 0, 0
Juniperus_sabina,0, 0, 0, 1, 1, 0, 0, 0, 0, 0, 0, 0
Juniperus_scopulorum,0, 0, 0, 1, 1, 0, 0, 0, 0, 0, 0, 0
Kalmia_latifolia,0, 0, 0, 0, 1, 1, 0, 0, 0, 0, 0, 0
Kerria_japonica_Pleniflora,0, 0, 0, 0, 1, 1, 0, 0, 0, 0, 0, 0
Khaya_senegalensis,0, 0, 0, 0, 0, 0, 0, 0, 0, 0, 0, 0
Koelreuteria_paniculata,0, 0, 0, 0, 0, 0, 1, 1, 0, 0, 0, 0
Kolkwitzia_amabilis,0, 0, 0, 0, 1, 1, 0, 0, 0, 0, 0, 0
Laburnum_alpinum,0, 0, 0, 0, 1, 1, 0, 0, 0, 0, 0, 0
Laburnum_anagyroides,0, 0, 0, 0, 1, 1, 0, 0, 0, 0, 0, 0
Lagerstroemia_indica,0, 0, 0, 0, 0, 0, 1, 1, 1, 0, 0, 0
Lagerstroemia_speciosa,0, 0, 0, 0, 1, 1, 1, 1, 1, 1, 0, 0
Lagunaria_patersonia,0, 0, 0, 1, 1, 0, 0, 0, 0, 0, 0, 0
Lantana_camara,0, 0, 0, 0, 0, 1, 1, 1, 1, 0, 0, 0
Larix_decidua,0, 0, 1, 1, 1, 0, 0, 0, 0, 0, 0, 0
Larix_kaempferi,0, 0, 0, 1, 1, 0, 0, 0, 0, 0, 0, 0
Larix_x_marschlinsii,0, 0, 0, 1, 1, 0, 0, 0, 0, 0, 0, 0
Laurus_nobilis,0, 0, 0, 1, 1, 0, 0, 0, 0, 0, 0, 0
Lavandula_angustifolia,0, 0, 0, 0, 0, 1, 1, 1, 0, 0, 0, 0
Lavandula_stoechas,0, 1, 1, 1, 1, 1, 0, 0, 0, 0, 0, 0
Leycesteria_formosa,0, 0, 0, 0, 0, 1, 1, 1, 1, 0, 0, 0
Ligustrum_japonicum,0, 0, 0, 0, 0, 0, 1, 1, 1, 0, 0, 0
Ligustrum_lucidum,0, 0, 0, 0, 0, 0, 0, 1, 1, 0, 0, 0
Ligustrum_ovalifolium,0, 0, 0, 0, 0, 0, 1, 0, 0, 0, 0, 0
Ligustrum_vulgare,0, 0, 0, 0, 0, 1, 1, 0, 0, 0, 0, 0
Liquidambar_formosana,0, 0, 0, 0, 0, 0, 0, 0, 0, 0, 0, 0
Liquidambar_orientalis,0, 0, 0, 1, 1, 0, 0, 0, 0, 0, 0, 0
Liquidambar_styraciflua,0, 0, 0, 0, 1, 0, 0, 0, 0, 0, 0, 0
Liriodendron_tulipifera,0, 0, 0, 0, 1, 1, 0, 0, 0, 0, 0, 0
Lonicera_etrusca,0, 0, 0, 0, 0, 0, 0, 0, 0, 0, 0, 0
Lonicera_henryi,0, 0, 0, 0, 0, 1, 1, 1, 0, 0, 0, 0
Lonicera_implexa,0, 0, 0, 0, 0, 1, 0, 0, 0, 0, 0, 0
Lonicera_kamtschatica,0, 0, 1, 1, 0, 0, 0, 0, 0, 0, 0, 0
Lonicera_maackii,0, 0, 0, 0, 1, 1, 0, 0, 0, 0, 0, 0
Lonicera_nigra,0, 0, 0, 0, 1, 1, 0, 0, 0, 0, 0, 0
Lonicera_periclymenum,0, 0, 0, 0, 1, 1, 0, 0, 0, 0, 0, 0
Lonicera_pileata,0, 0, 0, 0, 1, 0, 0, 0, 0, 0, 0, 0
Lonicera_tatarica,0, 0, 0, 0, 1, 1, 0, 0, 0, 0, 0, 0
Lonicera_x_heckrottii,0, 0, 0, 0, 0, 1, 1, 1, 1, 0, 0, 0
Lonicera_x_purpusii_Winter_Beauty,1, 1, 1, 1, 0, 0, 0, 0, 0, 0, 0, 1
Lonicera_xylosteum,0, 0, 0, 0, 1, 1, 0, 0, 0, 0, 0, 0
Maclura_pomifera,0, 0, 0, 0, 1, 1, 0, 0, 0, 0, 0, 0
Magnolia_acuminata,0, 0, 0, 0, 0, 1, 1, 0, 0, 0, 0, 0
Magnolia_denudata,0, 0, 1, 1, 0, 0, 0, 0, 0, 0, 0, 0
Magnolia_grandiflora,0, 0, 0, 0, 1, 1, 1, 1, 0, 0, 0, 0
Magnolia_kobus,0, 0, 0, 1, 1, 0, 0, 0, 0, 0, 0, 0
Magnolia_liliiflora,0, 0, 0, 1, 1, 1, 0, 0, 0, 0, 0, 0
Magnolia_obovata,0, 0, 0, 0, 1, 1, 0, 0, 0, 0, 0, 0
Magnolia_sieboldii,0, 0, 0, 0, 1, 1, 0, 0, 0, 0, 0, 0
Magnolia_stellata,0, 0, 1, 1, 0, 0, 0, 0, 0, 0, 0, 0
Magnolia_tripetala,0, 0, 0, 0, 1, 1, 1, 0, 0, 0, 0, 0
Magnolia_x_soulangeana,0, 0, 0, 1, 1, 0, 0, 0, 0, 0, 0, 0
Magnolia_x_wiesneri,0, 0, 0, 0, 0, 1, 1, 0, 0, 0, 0, 0
Mahonia_aquifolium,0, 0, 0, 1, 1, 0, 0, 0, 0, 0, 0, 0
Mahonia_x_media,0, 0, 0, 0, 0, 0, 0, 0, 0, 0, 0, 0
Malus_domestica,0, 0, 0, 1, 1, 0, 0, 0, 0, 0, 0, 0
Malus_floribunda,0, 0, 0, 0, 1, 0, 0, 0, 0, 0, 0, 0
Malus_sargentii,0, 0, 0, 1, 1, 0, 0, 0, 0, 0, 0, 0
Malus_sylvestris,0, 0, 0, 1, 1, 0, 0, 0, 0, 0, 0, 0
Malus_toringoides,0, 0, 0, 1, 1, 0, 0, 0, 0, 0, 0, 0
Malus_x_purpurea,0, 0, 0, 1, 1, 0, 0, 0, 0, 0, 0, 0
Melia_azedarach,0, 0, 0, 0, 0, 0, 0, 0, 0, 0, 0, 0
Mespilus_germanica,0, 0, 0, 0, 1, 1, 0, 0, 0, 0, 0, 0
Metasequoia_glyptostroboides,0, 0, 1, 1, 0, 0, 0, 0, 0, 0, 0, 0
Morus_alba,0, 0, 0, 0, 1, 0, 0, 0, 0, 0, 0, 0
Morus_alba_f_macrophylla,0, 0, 0, 0, 1, 1, 0, 0, 0, 0, 0, 0
Morus_nigra,0, 0, 0, 0, 1, 1, 0, 0, 0, 0, 0, 0
Myoporum_serratum,0, 0, 0, 0, 0, 0, 0, 0, 0, 0, 0, 0
Myrtus_communis,0, 0, 0, 0, 1, 1, 1, 1, 0, 0, 0, 0
Nandina_domestica,0, 0, 0, 0, 0, 1, 1, 0, 0, 0, 0, 0
Nerium_oleander,0, 0, 0, 0, 1, 1, 1, 1, 1, 0, 0, 0
Nicotiana_glauca,0, 0, 0, 1, 1, 1, 1, 1, 1, 1, 0, 0
Nothofagus_antarctica,0, 0, 0, 1, 1, 0, 0, 0, 0, 0, 0, 0
Nyssa_sylvatica,0, 0, 0, 1, 0, 0, 0, 0, 0, 0, 0, 0
Olea_europaea,0, 0, 0, 0, 1, 1, 0, 0, 0, 0, 0, 0
Osmanthus_x_burkwoodii,0, 0, 0, 1, 1, 0, 0, 0, 0, 0, 0, 0
Osmanthus_x_fortunei,0, 0, 0, 0, 0, 0, 0, 1, 1, 1, 0, 0
Ostrya_carpinifolia,0, 0, 0, 1, 1, 1, 0, 0, 0, 0, 0, 0
Ostrya_virginiana,0, 0, 0, 1, 1, 0, 0, 0, 0, 0, 0, 0
Oxydendrum_arboreum,0, 0, 0, 0, 0, 0, 1, 1, 0, 0, 0, 0
Paeonia_x_suffruticosa,0, 0, 0, 1, 1, 0, 0, 0, 0, 0, 0, 0
Paliurus_spina-christi,0, 0, 0, 0, 0, 1, 1, 0, 0, 0, 0, 0
Parkinsonia_aculeata,0, 0, 0, 0, 0, 0, 0, 0, 0, 0, 0, 0
Parrotia_persica,0, 0, 1, 0, 0, 0, 0, 0, 0, 0, 0, 0
Parrotiopsis_jaquemontiana,0, 0, 0, 1, 1, 0, 0, 0, 0, 0, 0, 0
Parthenocissus_inserta,0, 0, 0, 0, 0, 1, 1, 0, 0, 0, 0, 0
Parthenocissus_quinquefolia,0, 0, 0, 0, 0, 1, 1, 1, 0, 0, 0, 0
Parthenocissus_tricuspidata,0, 0, 0, 0, 0, 1, 1, 0, 0, 0, 0, 0
Passiflora_caerulea,0, 0, 0, 0, 0, 1, 1, 1, 1, 1, 0, 0
Paulownia_tomentosa,0, 0, 0, 1, 1, 0, 0, 0, 0, 0, 0, 0
Peltophorum_pterocarpum,0, 0, 1, 1, 1, 1, 1, 0, 0, 0, 0, 0
Pereskia_bleo,0, 0, 0, 0, 0, 0, 0, 0, 0, 0, 0, 0
Petteria_ramentacea,0, 0, 0, 0, 1, 1, 0, 0, 0, 0, 0, 0
Phellodendron_amurense,0, 0, 0, 0, 0, 1, 0, 0, 0, 0, 0, 0
Philadelphus_coronarius,0, 0, 0, 0, 0, 1, 0, 0, 0, 0, 0, 0
Philadelphus_x_virginalis,0, 0, 0, 0, 1, 1, 0, 0, 0, 0, 0, 0
Phillyrea_angustifolia,0, 0, 0, 0, 1, 1, 0, 0, 0, 0, 0, 0
Phillyrea_latifolia,0, 0, 0, 0, 1, 0, 0, 0, 0, 0, 0, 0
Phoenix_canariensis,0, 0, 0, 1, 1, 1, 0, 0, 0, 0, 0, 0
Phoenix_dactylifera,0, 0, 0, 1, 1, 1, 0, 0, 0, 0, 0, 0
Photinia_davidiana,0, 0, 0, 0, 0, 1, 0, 0, 0, 0, 0, 0
Photinia_serrulata,0, 0, 0, 0, 1, 1, 0, 0, 0, 0, 0, 0
Physocarpus_opulifolius,0, 0, 0, 0, 1, 1, 0, 0, 0, 0, 0, 0
Phytolacca_dioica,0, 0, 0, 0, 1, 1, 0, 0, 0, 0, 0, 0
Picea_abies,0, 0, 0, 0, 1, 1, 0, 0, 0, 0, 0, 0
Picea_abies_Inversa,0, 0, 0, 0, 1, 1, 0, 0, 0, 0, 0, 0
Picea_asperata,0, 0, 0, 0, 1, 0, 0, 0, 0, 0, 0, 0
Picea_breweriana,0, 0, 0, 1, 1, 0, 0, 0, 0, 0, 0, 0
Picea_engelmanii,0, 0, 0, 0, 1, 0, 0, 0, 0, 0, 0, 0
Picea_glauca,0, 0, 0, 0, 0, 0, 0, 0, 0, 0, 0, 0
Picea_glauca_Conica,0, 0, 0, 1, 1, 0, 0, 0, 0, 0, 0, 0
Picea_mariana,0, 0, 0, 0, 1, 1, 0, 0, 0, 0, 0, 0
Picea_omorika,0, 0, 0, 0, 1, 0, 0, 0, 0, 0, 0, 0
Picea_orientalis,0, 0, 0, 0, 1, 0, 0, 0, 0, 0, 0, 0
Picea_polita,0, 0, 0, 0, 0, 0, 0, 0, 0, 0, 0, 0
Picea_pungens_Glauca,0, 0, 0, 0, 1, 0, 0, 0, 0, 0, 0, 0
Picea_sitchensis,0, 0, 0, 0, 1, 0, 0, 0, 0, 0, 0, 0
Picea_wilsonii,0, 0, 0, 1, 0, 0, 0, 0, 0, 0, 0, 0
Pieris_floribunda,0, 0, 0, 1, 1, 0, 0, 0, 0, 0, 0, 0
Pieris_japonica,0, 0, 1, 1, 1, 0, 0, 0, 0, 0, 0, 0
Pinus_aristata,0, 0, 0, 0, 0, 1, 0, 0, 0, 0, 0, 0
Pinus_armandii,0, 0, 0, 0, 1, 1, 0, 0, 0, 0, 0, 0
Pinus_attenuata,0, 0, 0, 0, 0, 0, 0, 0, 0, 0, 0, 0
Pinus_banksiana,0, 0, 0, 0, 1, 0, 0, 0, 0, 0, 0, 0
Pinus_bungeana,0, 0, 0, 0, 0, 0, 0, 0, 0, 0, 0, 0
Pinus_canariensis,0, 0, 0, 0, 0, 0, 0, 0, 0, 0, 0, 0
Pinus_cembra,0, 0, 0, 0, 1, 1, 1, 0, 0, 0, 0, 0
Pinus_contorta,0, 0, 0, 0, 1, 1, 0, 0, 0, 0, 0, 0
Pinus_coulteri,0, 0, 0, 0, 1, 1, 0, 0, 0, 0, 0, 0
Pinus_halepensis,0, 0, 0, 0, 1, 1, 0, 0, 0, 0, 0, 0
Pinus_heldreichii,0, 0, 0, 0, 1, 1, 0, 0, 0, 0, 0, 0
Pinus_jeffreyi,0, 0, 0, 0, 0, 0, 0, 0, 0, 0, 0, 0
Pinus_koraiensis,0, 0, 0, 1, 1, 0, 0, 0, 0, 0, 0, 0
Pinus_leucodermis,0, 0, 0, 1, 1, 0, 0, 0, 0, 0, 0, 0
Pinus_monticola,0, 0, 0, 0, 0, 0, 0, 0, 0, 0, 0, 0
Pinus_mugo,0, 0, 0, 0, 0, 1, 1, 0, 0, 0, 0, 0
Pinus_nigra,0, 0, 0, 0, 1, 1, 0, 0, 0, 0, 0, 0
Pinus_nigra_var_laricio,0, 0, 0, 0, 1, 1, 0, 0, 0, 0, 0, 0
Pinus_nigra_var_salzmanii,0, 0, 0, 0, 1, 1, 0, 0, 0, 0, 0, 0
Pinus_parviflora,0, 0, 0, 0, 1, 1, 0, 0, 0, 0, 0, 0
Pinus_peuce,0, 0, 0, 0, 0, 1, 0, 0, 0, 0, 0, 0
Pinus_pinaster,0, 0, 0, 1, 1, 0, 0, 0, 0, 0, 0, 0
Pinus_pinea,0, 0, 0, 0, 1, 1, 0, 0, 0, 0, 0, 0
Pinus_ponderosa,0, 0, 0, 0, 0, 1, 1, 0, 0, 0, 0, 0
Pinus_strobus,0, 0, 0, 0, 1, 1, 0, 0, 0, 0, 0, 0
Pinus_sylvestris,0, 0, 0, 0, 1, 1, 0, 0, 0, 0, 0, 0
Pinus_thunbergii,0, 0, 0, 0, 0, 0, 0, 0, 0, 0, 0, 0
Pinus_wallichiana,0, 0, 0, 0, 1, 1, 0, 0, 0, 0, 0, 0
Pistacia_lentiscus,0, 0, 1, 1, 1, 1, 0, 0, 0, 0, 0, 0
Pistacia_terebinthus,0, 0, 0, 1, 1, 1, 1, 0, 0, 0, 0, 0
Pistacia_vera,0, 0, 0, 1, 1, 0, 0, 0, 0, 0, 0, 0
Pittosporum_tobira,0, 0, 1, 1, 1, 0, 0, 0, 0, 0, 0, 0
Platanus_orientalis,0, 0, 0, 0, 1, 0, 0, 0, 0, 0, 0, 0
Platanus_x_hispanica,0, 0, 0, 0, 1, 0, 0, 0, 0, 0, 0, 0
Platycarya_strobilacea,0, 0, 0, 0, 0, 1, 1, 0, 0, 0, 0, 0
Platycladus_orientalis,0, 0, 1, 1, 0, 0, 0, 0, 0, 0, 0, 0
Plumbago_auriculata,0, 0, 0, 0, 0, 0, 1, 1, 1, 1, 0, 0
Plumeria_rubra,1, 1, 1, 1, 1, 1, 1, 1, 1, 1, 1, 1
Podranea_ricasoliana,0, 0, 0, 0, 0, 0, 1, 1, 1, 1, 0, 0
Polygala_myrtifolia,0, 0, 0, 0, 0, 0, 1, 1, 1, 0, 0, 0
Poncirus_trifoliata,0, 0, 0, 1, 1, 0, 0, 0, 0, 0, 0, 0
Populus_alba,0, 0, 1, 1, 0, 0, 0, 0, 0, 0, 0, 0
Populus_balsamifera,0, 0, 1, 1, 0, 0, 0, 0, 0, 0, 0, 0
Populus_nigra,0, 0, 1, 1, 0, 0, 0, 0, 0, 0, 0, 0
Populus_nigra_Italica,0, 0, 1, 1, 0, 0, 0, 0, 0, 0, 0, 0
Populus_simonii,0, 0, 1, 1, 0, 0, 0, 0, 0, 0, 0, 0
Populus_tremula,0, 0, 1, 1, 0, 0, 0, 0, 0, 0, 0, 0
Populus_x_canadensis,0, 0, 1, 1, 0, 0, 0, 0, 0, 0, 0, 0
Populus_x_canescens,0, 0, 1, 1, 0, 0, 0, 0, 0, 0, 0, 0
Prosopis_juliflora,0, 0, 0, 0, 0, 0, 0, 0, 0, 0, 0, 0
Prunus_Accolade,0, 0, 0, 1, 1, 0, 0, 0, 0, 0, 0, 0
Prunus_Kursar,0, 0, 1, 1, 0, 0, 0, 0, 0, 0, 0, 0
Prunus_armeniaca,0, 0, 0, 1, 0, 0, 0, 0, 0, 0, 0, 0
Prunus_avium,0, 0, 0, 1, 1, 0, 0, 0, 0, 0, 0, 0
Prunus_avium_Plena,0, 0, 0, 0, 1, 0, 0, 0, 0, 0, 0, 0
Prunus_cerasifera,0, 0, 1, 1, 0, 0, 0, 0, 0, 0, 0, 0
Prunus_cerasifera_Nigra,0, 0, 1, 1, 0, 0, 0, 0, 0, 0, 0, 0
Prunus_cerasifera_Rosea,0, 0, 0, 1, 0, 0, 0, 0, 0, 0, 0, 0
Prunus_cerasus,0, 0, 0, 1, 1, 0, 0, 0, 0, 0, 0, 0
Prunus_cerasus_Rhexii,0, 0, 0, 1, 1, 0, 0, 0, 0, 0, 0, 0
Prunus_davidiana,0, 0, 1, 1, 0, 0, 0, 0, 0, 0, 0, 0
Prunus_domestica,0, 0, 1, 1, 0, 0, 0, 0, 0, 0, 0, 0
Prunus_domestica_ssp_insititia,0, 0, 0, 1, 1, 0, 0, 0, 0, 0, 0, 0
Prunus_domestica_ssp_syriaca,0, 0, 0, 1, 1, 0, 0, 0, 0, 0, 0, 0
Prunus_domestica_subsp_domestica,0, 0, 0, 1, 1, 0, 0, 0, 0, 0, 0, 0
Prunus_domestica_subsp_italica,0, 0, 0, 1, 1, 0, 0, 0, 0, 0, 0, 0
Prunus_dulcis,0, 0, 1, 1, 0, 0, 0, 0, 0, 0, 0, 0
Prunus_fenziliana,0, 0, 1, 0, 0, 0, 0, 0, 0, 0, 0, 0
Prunus_incana,0, 0, 0, 0, 1, 0, 0, 0, 0, 0, 0, 0
Prunus_incisa,0, 0, 1, 1, 0, 0, 0, 0, 0, 0, 0, 0
Prunus_laurocerasus,0, 0, 0, 1, 1, 0, 0, 0, 0, 0, 0, 0
Prunus_lusitanica,0, 0, 0, 0, 0, 1, 0, 0, 0, 0, 0, 0
Prunus_maackii,0, 0, 0, 0, 1, 0, 0, 0, 0, 0, 0, 0
Prunus_mahaleb,0, 0, 0, 1, 1, 0, 0, 0, 0, 0, 0, 0
Prunus_mume,0, 0, 1, 1, 0, 0, 0, 0, 0, 0, 0, 0
Prunus_padus,0, 0, 0, 0, 1, 1, 0, 0, 0, 0, 0, 0
Prunus_persica,0, 0, 1, 1, 0, 0, 0, 0, 0, 0, 0, 0
Prunus_sargentii,0, 0, 0, 1, 1, 0, 0, 0, 0, 0, 0, 0
Prunus_serotina,0, 0, 0, 0, 0, 1, 0, 0, 0, 0, 0, 0
Prunus_serrula,0, 0, 0, 1, 1, 0, 0, 0, 0, 0, 0, 0
Prunus_serrulata_Kanzan,0, 0, 0, 1, 1, 0, 0, 0, 0, 0, 0, 0
Prunus_sibirica,0, 0, 0, 1, 0, 0, 0, 0, 0, 0, 0, 0
Prunus_spinosa,0, 0, 1, 1, 0, 0, 0, 0, 0, 0, 0, 0
Prunus_subhirtella,0, 0, 1, 1, 0, 0, 0, 0, 0, 0, 0, 0
Prunus_subhirtella_f_autumnalis,1, 1, 1, 0, 0, 0, 0, 0, 0, 0, 1, 1
Prunus_tomentosa,0, 0, 0, 1, 0, 0, 0, 0, 0, 0, 0, 0
Prunus_triloba,0, 0, 0, 1, 1, 0, 0, 0, 0, 0, 0, 0
Pseudocydonia_sinensis,0, 0, 0, 0, 0, 0, 0, 0, 0, 0, 0, 0
Pseudolarix_amabilis,0, 0, 0, 0, 1, 0, 0, 0, 0, 0, 0, 0
Pseudotsuga_menziesii,0, 0, 0, 1, 1, 0, 0, 0, 0, 0, 0, 0
Ptelea_trifoliata,0, 0, 0, 0, 0, 1, 0, 0, 0, 0, 0, 0
Pterocarya_fraxinifolia,0, 0, 0, 1, 1, 0, 0, 0, 0, 0, 0, 0
Pterocarya_stenoptera,0, 0, 0, 0, 1, 0, 0, 0, 0, 0, 0, 0
Pterostyrax_corymbosus,0, 0, 0, 0, 1, 0, 0, 0, 0, 0, 0, 0
Pterostyrax_hispidus,0, 0, 0, 0, 1, 1, 0, 0, 0, 0, 0, 0
Punica_granatum,0, 0, 0, 0, 0, 0, 0, 0, 0, 0, 0, 0
Pyracantha_coccinea,0, 0, 0, 0, 1, 1, 0, 0, 0, 0, 0, 0
Pyrus_betulifolia,0, 0, 0, 1, 0, 0, 0, 0, 0, 0, 0, 0
Pyrus_calleryana_Chanticleer,0, 0, 0, 1, 1, 0, 0, 0, 0, 0, 0, 0
Pyrus_communis,0, 0, 0, 1, 1, 0, 0, 0, 0, 0, 0, 0
Pyrus_pyraster,0, 0, 0, 1, 1, 0, 0, 0, 0, 0, 0, 0
Pyrus_pyrifolia_var_culta,0, 0, 0, 1, 1, 0, 0, 0, 0, 0, 0, 0
Pyrus_salicifolia,0, 0, 0, 1, 1, 0, 0, 0, 0, 0, 0, 0
Quercus_acutissima,0, 0, 0, 0, 1, 0, 0, 0, 0, 0, 0, 0
Quercus_alba,0, 0, 0, 1, 1, 0, 0, 0, 0, 0, 0, 0
Quercus_canariensis,0, 0, 0, 1, 1, 0, 0, 0, 0, 0, 0, 0
Quercus_castaneifolia,0, 0, 0, 1, 1, 0, 0, 0, 0, 0, 0, 0
Quercus_cerris,0, 0, 0, 1, 0, 0, 0, 0, 0, 0, 0, 0
Quercus_coccifera,0, 0, 1, 1, 1, 0, 0, 0, 0, 0, 0, 0
Quercus_coccinea,0, 0, 0, 0, 1, 0, 0, 0, 0, 0, 0, 0
Quercus_dentata,0, 0, 0, 0, 0, 0, 0, 0, 0, 0, 0, 0
Quercus_faginea,0, 0, 0, 1, 1, 0, 0, 0, 0, 0, 0, 0
Quercus_frainetto,0, 0, 0, 0, 1, 1, 0, 0, 0, 0, 0, 0
Quercus_ilex,0, 0, 0, 1, 1, 0, 0, 0, 0, 0, 0, 0
Quercus_ilicifolia,0, 0, 0, 0, 1, 0, 0, 0, 0, 0, 0, 0
Quercus_imbricaria,0, 0, 0, 0, 1, 1, 0, 0, 0, 0, 0, 0
Quercus_libani,0, 0, 0, 1, 0, 0, 0, 0, 0, 0, 0, 0
Quercus_macranthera,0, 0, 0, 1, 1, 0, 0, 0, 0, 0, 0, 0
Quercus_macrocarpa,0, 0, 0, 0, 0, 0, 0, 0, 0, 0, 0, 0
Quercus_marilandica,0, 0, 0, 1, 1, 0, 0, 0, 0, 0, 0, 0
Quercus_palustris,0, 0, 0, 0, 1, 0, 0, 0, 0, 0, 0, 0
Quercus_petraea,0, 0, 0, 1, 1, 0, 0, 0, 0, 0, 0, 0
Quercus_petraea_Laciniata_Crispa,0, 0, 0, 1, 1, 0, 0, 0, 0, 0, 0, 0
Quercus_pontica,0, 0, 0, 1, 1, 0, 0, 0, 0, 0, 0, 0
Quercus_pubescens,0, 0, 0, 1, 1, 0, 0, 0, 0, 0, 0, 0
Quercus_pyrenaica,0, 0, 0, 1, 1, 0, 0, 0, 0, 0, 0, 0
Quercus_robur,0, 0, 0, 1, 1, 0, 0, 0, 0, 0, 0, 0
Quercus_robur_Pectinata,0, 0, 0, 1, 1, 0, 0, 0, 0, 0, 0, 0
Quercus_robur_f_fastigiata,0, 0, 0, 1, 1, 0, 0, 0, 0, 0, 0, 0
Quercus_rubra,0, 0, 0, 0, 1, 0, 0, 0, 0, 0, 0, 0
Quercus_shumardii,0, 0, 0, 0, 1, 0, 0, 0, 0, 0, 0, 0
Quercus_suber,0, 0, 0, 1, 1, 0, 0, 0, 0, 0, 0, 0
Quercus_velutina,0, 0, 0, 0, 0, 0, 0, 0, 0, 0, 0, 0
Quercus_x_hispanica_Lucombeana,0, 0, 0, 1, 0, 0, 0, 0, 0, 0, 0, 0
Quercus_x_turneri,0, 0, 0, 1, 0, 0, 0, 0, 0, 0, 0, 0
Rhamnus_alaternus,0, 0, 1, 1, 0, 0, 0, 0, 0, 0, 0, 0
Rhamnus_cathartica,0, 0, 0, 0, 1, 1, 0, 0, 0, 0, 0, 0
Rhamnus_imeretina,0, 0, 0, 0, 1, 1, 0, 0, 0, 0, 0, 0
Rhamnus_saxatilis,0, 0, 0, 0, 1, 1, 0, 0, 0, 0, 0, 0
Rhododendron_catawbiense,0, 0, 0, 0, 1, 1, 0, 0, 0, 0, 0, 0
Rhododendron_tomentosum,0, 0, 0, 0, 1, 1, 0, 0, 0, 0, 0, 0
Rhodotypos_scandens,0, 0, 0, 0, 1, 1, 0, 0, 0, 0, 0, 0
Rhus_typhina,0, 0, 0, 0, 0, 1, 1, 0, 0, 0, 0, 0
Ribes_aureum,0, 0, 0, 1, 1, 0, 0, 0, 0, 0, 0, 0
Ribes_rubrum,0, 0, 0, 1, 1, 0, 0, 0, 0, 0, 0, 0
Ribes_sanguineum,0, 0, 0, 1, 1, 0, 0, 0, 0, 0, 0, 0
Ribes_uva-crispa_var_sativum,0, 0, 0, 1, 1, 0, 0, 0, 0, 0, 0, 0
Ricinus_communis,0, 0, 0, 0, 0, 0, 0, 1, 1, 0, 0, 0
Robinia_hispida,0, 0, 0, 0, 1, 0, 0, 1, 0, 0, 0, 0
Robinia_luxurians,0, 0, 0, 0, 0, 1, 1, 1, 0, 0, 0, 0
Robinia_pseudoacacia,0, 0, 0, 0, 1, 1, 0, 0, 0, 0, 0, 0
Robinia_x_margaretta_Casque_Rouge,0, 0, 0, 0, 1, 1, 0, 0, 0, 0, 0, 0
Rosa_canina,0, 0, 0, 0, 1, 1, 0, 0, 0, 0, 0, 0
Rosa_spinosissima,0, 0, 0, 0, 1, 1, 0, 0, 0, 0, 0, 0
Rosa_tomentosa,0, 0, 0, 0, 0, 1, 1, 0, 0, 0, 0, 0
Rubus_fruticosus,0, 0, 0, 0, 1, 1, 1, 1, 0, 0, 0, 0
Rubus_idaeus,0, 0, 0, 0, 1, 1, 1, 0, 0, 0, 0, 0
Ruscus_aculeatus,0, 1, 1, 1, 0, 0, 0, 0, 0, 0, 0, 0
Salix_alba,0, 0, 0, 1, 1, 0, 0, 0, 0, 0, 0, 0
Salix_alba_Tristis,0, 0, 0, 1, 1, 0, 0, 0, 0, 0, 0, 0
Salix_aurita,0, 0, 1, 1, 1, 0, 0, 0, 0, 0, 0, 0
Salix_babylonica,0, 0, 0, 1, 1, 0, 0, 0, 0, 0, 0, 0
Salix_caprea,0, 0, 1, 1, 1, 0, 0, 0, 0, 0, 0, 0
Salix_caprea_Kilmarnock,0, 0, 1, 1, 1, 0, 0, 0, 0, 0, 0, 0
Salix_cinerea,0, 0, 1, 1, 0, 0, 0, 0, 0, 0, 0, 0
Salix_fragilis,0, 0, 1, 1, 0, 0, 0, 0, 0, 0, 0, 0
Salix_integra_Hakuro_Nishiki,0, 0, 0, 0, 1, 0, 0, 0, 0, 0, 0, 0
Salix_irrorata,0, 0, 1, 1, 0, 0, 0, 0, 0, 0, 0, 0
Salix_matsudana_Tortuosa,0, 0, 1, 1, 0, 0, 0, 0, 0, 0, 0, 0
Salix_purpurea,0, 0, 1, 1, 0, 0, 0, 0, 0, 0, 0, 0
Salix_udensis_f_sekka,0, 0, 0, 1, 1, 0, 0, 0, 0, 0, 0, 0
Salix_viminalis,0, 0, 1, 1, 0, 0, 0, 0, 0, 0, 0, 0
Samanea_saman,0, 0, 0, 0, 0, 0, 0, 0, 0, 0, 0, 0
Sambucus_nigra,0, 0, 0, 0, 0, 1, 0, 0, 0, 0, 0, 0
Sambucus_nigra_ssp_caerulea,0, 0, 0, 0, 0, 1, 1, 0, 0, 0, 0, 0
Sambucus_racemosa,0, 0, 0, 1, 1, 0, 0, 0, 0, 0, 0, 0
Sarcococca_hookeriana_var_humilis,1, 1, 1, 0, 0, 0, 0, 0, 0, 0, 0, 1
Sassafras_albidum,0, 0, 0, 1, 1, 0, 0, 0, 0, 0, 0, 0
Schefflera_actinophylla,0, 0, 0, 0, 0, 0, 0, 0, 0, 0, 0, 0
Schinus_molle,0, 0, 0, 0, 0, 0, 0, 0, 0, 0, 0, 0
Sciadopitys_verticillata,0, 0, 0, 1, 1, 0, 0, 0, 0, 0, 0, 0
Senna_x_floribunda,0, 0, 0, 0, 0, 0, 0, 1, 1, 1, 1, 0
Sequoia_sempervirens,0, 1, 1, 0, 0, 0, 0, 0, 0, 0, 0, 0
Sequoiadendron_giganteum,0, 0, 1, 1, 0, 0, 0, 0, 0, 0, 0, 0
Shepherdia_argentea,0, 0, 1, 1, 0, 0, 0, 0, 0, 0, 0, 0
Sinocalycanthus_chinensis,0, 0, 0, 0, 1, 1, 0, 0, 0, 0, 0, 0
Skimmia_japonica,0, 0, 0, 1, 1, 0, 0, 0, 0, 0, 0, 0
Smilax_aspera,0, 0, 0, 0, 0, 0, 0, 1, 1, 0, 0, 0
Sorbaria_sorbifolia,0, 0, 0, 0, 0, 1, 1, 0, 0, 0, 0, 0
Sorbus_alnifolia,0, 0, 0, 0, 1, 1, 0, 0, 0, 0, 0, 0
Sorbus_americana,0, 0, 0, 0, 1, 1, 0, 0, 0, 0, 0, 0
Sorbus_aria,0, 0, 0, 0, 1, 1, 0, 0, 0, 0, 0, 0
Sorbus_aucuparia,0, 0, 0, 0, 1, 1, 0, 0, 0, 0, 0, 0
Sorbus_domestica,0, 0, 0, 0, 1, 0, 0, 0, 0, 0, 0, 0
Sorbus_intermedia,0, 0, 0, 0, 1, 1, 0, 0, 0, 0, 0, 0
Sorbus_torminalis,0, 0, 0, 0, 1, 1, 0, 0, 0, 0, 0, 0
Spartium_junceum,0, 0, 0, 0, 1, 1, 0, 0, 0, 0, 0, 0
Spathodea_campanulata,1, 1, 1, 1, 1, 1, 1, 1, 1, 1, 1, 1
Spiraea_japonica,0, 0, 0, 0, 0, 0, 1, 1, 0, 0, 0, 0
Spiraea_thunbergii,0, 0, 0, 1, 1, 0, 0, 0, 0, 0, 0, 0
Spiraea_x_billardii,0, 0, 0, 0, 0, 1, 1, 0, 0, 0, 0, 0
Spiraea_x_vanhouttei,0, 0, 0, 0, 1, 1, 0, 0, 0, 0, 0, 0
Stachyurus_praecox,0, 0, 1, 1, 0, 0, 0, 0, 0, 0, 0, 0
Staphylea_colchica,0, 0, 0, 0, 1, 1, 0, 0, 0, 0, 0, 0
Staphylea_holocarpa,0, 0, 0, 0, 0, 0, 0, 0, 0, 0, 0, 0
Staphylea_pinnata,0, 0, 0, 0, 1, 1, 0, 0, 0, 0, 0, 0
Stewartia_pseudocamellia,0, 0, 0, 0, 0, 1, 1, 1, 0, 0, 0, 0
Styphnolobium_japonicum,0, 0, 0, 0, 0, 0, 0, 1, 1, 0, 0, 0
Styrax_japonicus,0, 0, 0, 0, 0, 1, 0, 0, 0, 0, 0, 0
Styrax_obassia,0, 0, 0, 0, 1, 1, 0, 0, 0, 0, 0, 0
Symphoricarpos_albus,0, 0, 0, 0, 0, 1, 1, 1, 1, 0, 0, 0
Symphoricarpos_x_chenaultii,0, 0, 0, 0, 0, 1, 1, 1, 0, 0, 0, 0
Syringa_reflexa,0, 0, 0, 0, 1, 1, 0, 0, 0, 0, 0, 0
Syringa_vulgaris,0, 0, 0, 1, 1, 1, 0, 0, 0, 0, 0, 0
Taiwania_cryptomerioides,0, 0, 0, 0, 0, 0, 0, 0, 0, 0, 0, 0
Tamarix_parviflora,0, 0, 0, 1, 1, 0, 0, 0, 0, 0, 0, 0
Taxodium_distichum,0, 0, 1, 1, 0, 0, 0, 0, 0, 0, 0, 0
Taxus_baccata,0, 0, 1, 1, 0, 0, 0, 0, 0, 0, 0, 0
Tecoma_stans,0, 0, 0, 0, 0, 0, 1, 1, 1, 1, 0, 0
Terminalia_catappa,0, 0, 0, 0, 0, 1, 1, 1, 1, 0, 0, 0
Tetradium_daniellii,0, 0, 0, 0, 0, 0, 1, 1, 0, 0, 0, 0
Thuja_occidentalis,0, 0, 0, 1, 1, 0, 0, 0, 0, 0, 0, 0
Thuja_plicata,0, 0, 1, 1, 0, 0, 0, 0, 0, 0, 0, 0
Thujopsis_dolabrata,0, 0, 0, 0, 1, 0, 0, 0, 0, 0, 0, 0
Tilia_americana,0, 0, 0, 0, 0, 1, 1, 0, 0, 0, 0, 0
Tilia_cordata,0, 0, 0, 0, 0, 1, 1, 0, 0, 0, 0, 0
Tilia_dasystyla,0, 0, 0, 0, 0, 1, 0, 0, 0, 0, 0, 0
Tilia_henryana,0, 0, 0, 0, 0, 0, 0, 1, 1, 0, 0, 0
Tilia_mongolica,0, 0, 0, 0, 0, 1, 1, 0, 0, 0, 0, 0
Tilia_platyphyllos,0, 0, 0, 0, 0, 1, 0, 0, 0, 0, 0, 0
Tilia_tomentosa,0, 0, 0, 0, 0, 0, 1, 1, 0, 0, 0, 0
Tilia_tomentosa_f_petiolaris,0, 0, 0, 0, 0, 0, 1, 1, 0, 0, 0, 0
Tilia_x_euchlora,0, 0, 0, 0, 0, 0, 1, 0, 0, 0, 0, 0
Tilia_x_europaea,0, 0, 0, 0, 0, 1, 1, 0, 0, 0, 0, 0
Tipuana_tipu,0, 0, 0, 0, 1, 1, 1, 1, 0, 0, 0, 0
Toona_sinensis,0, 0, 0, 0, 0, 1, 1, 0, 0, 0, 0, 0
Trachycarpus_fortunei,0, 0, 0, 0, 1, 1, 0, 0, 0, 0, 0, 0
Tsuga_canadensis,0, 0, 0, 0, 1, 0, 0, 0, 0, 0, 0, 0
Tsuga_diversifolia,0, 0, 0, 0, 0, 0, 0, 0, 0, 0, 0, 0
Tsuga_heterophylla,0, 0, 0, 1, 1, 0, 0, 0, 0, 0, 0, 0
Ulex_europaeus,0, 0, 0, 0, 1, 1, 0, 0, 1, 0, 0, 0
Ulmus_glabra,0, 0, 1, 1, 0, 0, 0, 0, 0, 0, 0, 0
Ulmus_laevis,0, 0, 1, 1, 0, 0, 0, 0, 0, 0, 0, 0
Ulmus_minor,0, 0, 1, 1, 0, 0, 0, 0, 0, 0, 0, 0
Ulmus_minor_Jacqueline_Hillier,0, 0, 1, 1, 0, 0, 0, 0, 0, 0, 0, 0
Ulmus_minor_Wredei,0, 0, 1, 1, 0, 0, 0, 0, 0, 0, 0, 0
Ulmus_parvifolia,0, 0, 0, 0, 0, 0, 0, 1, 1, 1, 0, 0
Ulmus_pumila,0, 0, 1, 1, 0, 0, 0, 0, 0, 0, 0, 0
Vaccinium_myrtillus,0, 0, 0, 0, 1, 1, 0, 0, 0, 0, 0, 0
Vaccinium_uliginosum,0, 0, 0, 0, 1, 1, 0, 0, 0, 0, 0, 0
Vaccinium_vitis-idaea,0, 0, 0, 0, 1, 1, 1, 0, 0, 0, 0, 0
Vachellia_xanthophloea,0, 0, 0, 0, 0, 0, 0, 1, 1, 1, 1, 0
Viburnum_davidii,0, 0, 0, 0, 1, 0, 0, 0, 0, 0, 0, 0
Viburnum_farreri,1, 1, 1, 1, 0, 0, 0, 0, 0, 0, 0, 1
Viburnum_lantana,0, 0, 0, 0, 1, 1, 0, 0, 0, 0, 0, 0
Viburnum_lantanoides,0, 0, 0, 0, 1, 1, 1, 0, 0, 0, 0, 0
Viburnum_lentago,0, 0, 0, 0, 1, 1, 0, 0, 0, 0, 0, 0
Viburnum_opulus,0, 0, 0, 0, 1, 1, 0, 0, 0, 0, 0, 0
Viburnum_opulus_f_roseum,0, 0, 0, 0, 1, 1, 0, 0, 0, 0, 0, 0
Viburnum_plicatum,0, 0, 0, 0, 1, 1, 0, 0, 0, 0, 0, 0
Viburnum_plicatum_f_sterile,0, 0, 0, 0, 1, 1, 0, 0, 0, 0, 0, 0
Viburnum_rhytidophyllum,0, 0, 0, 0, 1, 1, 0, 0, 0, 0, 0, 0
Viburnum_tinus,1, 1, 1, 1, 0, 0, 0, 0, 0, 0, 1, 1
Viburnum_x_bodnantense,0, 1, 1, 0, 0, 0, 0, 0, 0, 1, 0, 0
Viburnum_x_burkwoodii,0, 0, 1, 1, 1, 0, 0, 0, 0, 0, 0, 0
Viscum_album,0, 0, 0, 1, 1, 0, 0, 0, 0, 0, 0, 0
Vitex_agnus-castus,0, 0, 0, 0, 0, 0, 0, 0, 1, 1, 0, 0
Vitis_coignetiae,0, 0, 0, 0, 0, 1, 1, 0, 0, 0, 0, 0
Vitis_vinifera,0, 0, 0, 0, 0, 1, 0, 0, 0, 0, 0, 0
Washingtonia_filifera,0, 0, 0, 0, 0, 0, 0, 0, 0, 0, 0, 0
Washingtonia_robusta,0, 0, 0, 0, 0, 0, 0, 0, 0, 0, 0, 0
Weigela_florida,0, 0, 0, 0, 1, 1, 0, 0, 0, 0, 0, 0
Wisteria_sinensis,0, 0, 0, 0, 1, 1, 0, 0, 0, 0, 0, 0
Wollemia_nobilis,0, 0, 0, 0, 0, 0, 0, 0, 0, 0, 0, 0
Xanthocyparis_nootkatensis,0, 0, 1, 1, 0, 0, 0, 0, 0, 0, 0, 0
Zanthoxylum_simulans,0, 0, 0, 0, 0, 1, 1, 0, 0, 0, 0, 0
Zelkova_serrata,0, 0, 0, 1, 1, 0, 0, 0, 0, 0, 0, 0
Ziziphus_jujuba,0, 0, 0, 1, 1, 0, 0, 0, 0, 0, 0, 0
